-- phpMyAdmin SQL Dump
-- version 4.9.1
-- https://www.phpmyadmin.net/
--
-- Host: 127.0.0.1
-- Generation Time: Mar 16, 2021 at 08:54 AM
-- Server version: 10.4.8-MariaDB
-- PHP Version: 7.3.10

SET SQL_MODE = "NO_AUTO_VALUE_ON_ZERO";
SET AUTOCOMMIT = 0;
START TRANSACTION;
SET time_zone = "+00:00";


/*!40101 SET @OLD_CHARACTER_SET_CLIENT=@@CHARACTER_SET_CLIENT */;
/*!40101 SET @OLD_CHARACTER_SET_RESULTS=@@CHARACTER_SET_RESULTS */;
/*!40101 SET @OLD_COLLATION_CONNECTION=@@COLLATION_CONNECTION */;
/*!40101 SET NAMES utf8mb4 */;

--
-- Database: `db_pengaduanmasyarakat_tuadi`
--

DELIMITER $$
--
-- Procedures
--
CREATE DEFINER=`root`@`localhost` PROCEDURE `getPengaduanId` (`id` INT(11))  begin
select * from pengaduan where id_pengaduan=id;
end$$

CREATE DEFINER=`root`@`localhost` PROCEDURE `pengaduanStatus` (`sts` VARCHAR(11))  begin
select * from pengaduan where status=sts;
end$$

DELIMITER ;

-- --------------------------------------------------------

--
-- Table structure for table `masyarakat`
--

CREATE TABLE `masyarakat` (
  `nik` char(16) NOT NULL,
  `nama` varchar(35) NOT NULL,
  `username` varchar(25) NOT NULL,
  `password` varchar(32) NOT NULL,
  `telp` varchar(13) NOT NULL
) ENGINE=InnoDB DEFAULT CHARSET=utf8mb4;

--
-- Dumping data for table `masyarakat`
--

INSERT INTO `masyarakat` (`nik`, `nama`, `username`, `password`, `telp`) VALUES
('0398382837283728', 'masyarakat1', 'masyarakat1', '72ce908807f5f6426ad0e4100e7a7af6', '098839928738'),
('0998372837625367', 'tuadi', 'tuadi', '50e2c6c5804a833c73c0a27ad48d0a24', '098837672627');

-- --------------------------------------------------------

--
-- Table structure for table `pengaduan`
--

CREATE TABLE `pengaduan` (
  `id_pengaduan` int(11) NOT NULL,
  `tgl_pengaduan` date NOT NULL,
  `nik` char(16) NOT NULL,
  `isi_laporan` text NOT NULL,
  `foto` varchar(255) NOT NULL,
  `status` enum('0','proses','selesai') NOT NULL
) ENGINE=InnoDB DEFAULT CHARSET=utf8mb4;

--
-- Dumping data for table `pengaduan`
--

INSERT INTO `pengaduan` (`id_pengaduan`, `tgl_pengaduan`, `nik`, `isi_laporan`, `foto`, `status`) VALUES
(48, '2021-03-15', '0998372837625367', 'Lorem ipsum dolor sit amet, consectetur adipisicing elit, sed do eiusmod\r\ntempor incididunt ut labore et dolore magna aliqua. Ut enim ad minim veniam,\r\nquis nostrud exercitation ullamco laboris nisi ut aliquip ex ea commodo\r\nconsequat. Duis aute irure dolor in reprehenderit in voluptate velit esse\r\ncillum dolore eu fugiat nulla pariatur. Excepteur sint occaecat cupidatat non\r\nproident, sunt in culpa qui officia deserunt mollit anim id est laborum.', '1615784274.png', '0'),
(49, '2021-03-15', '0998372837625367', 'Lorem ipsum dolor sit amet, consectetur adipisicing elit, sed do eiusmod\r\ntempor incididunt ut labore et dolore magna aliqua. Ut enim ad minim veniam,\r\nquis nostrud exercitation ullamco laboris nisi ut aliquip ex ea commodo\r\nconsequat. Duis aute irure dolor in reprehenderit in voluptate velit esse\r\ncillum dolore eu fugiat nulla pariatur. Excepteur sint occaecat cupidatat non\r\nproident, sunt in culpa qui officia deserunt mollit anim id est laborum.', '1615784303.jpg', 'selesai'),
(50, '2021-03-15', '0398382837283728', 'Lorem ipsum dolor sit amet, consectetur adipisicing elit, sed do eiusmod\r\ntempor incididunt ut labore et dolore magna aliqua. Ut enim ad minim veniam,\r\nquis nostrud exercitation ullamco laboris nisi ut aliquip ex ea commodo\r\n', '1615784375.jpg', 'selesai'),
(51, '2021-03-15', '0398382837283728', 'Lorem ipsum dolor sit amet, consectetur adipisicing elit, sed do eiusmod\r\ntempor incididunt ut labore et dolore magna aliqua. Ut enim ad minim veniam,\r\nquis nostrud exercitation ullamco laboris nisi ut aliquip ex ea commodo\r\nconsequat. Duis aute irure dolor in reprehenderit in voluptate velit esse\r\n', '1615784392.png', 'selesai');

-- --------------------------------------------------------

--
-- Table structure for table `petugas`
--

CREATE TABLE `petugas` (
  `id_petugas` int(11) NOT NULL,
  `nama_petugas` varchar(35) NOT NULL,
  `username` varchar(25) NOT NULL,
  `password` varchar(32) NOT NULL,
  `telp` varchar(13) NOT NULL,
  `level` enum('admin','petugas') NOT NULL
) ENGINE=InnoDB DEFAULT CHARSET=utf8mb4;

--
-- Dumping data for table `petugas`
--

INSERT INTO `petugas` (`id_petugas`, `nama_petugas`, `username`, `password`, `telp`, `level`) VALUES
(17, 'petugas1', 'petugas1', 'b53fe7751b37e40ff34d012c7774d65f', '082273784456', 'petugas'),
(18, 'admin', 'admin', '21232f297a57a5a743894a0e4a801fc3', '098893847738', 'admin');

-- --------------------------------------------------------

--
-- Table structure for table `tanggapan`
--

CREATE TABLE `tanggapan` (
  `id_tanggapan` int(11) NOT NULL,
  `id_pengaduan` int(11) NOT NULL,
  `tgl_tanggapan` date NOT NULL,
  `tanggapan` text NOT NULL,
  `id_petugas` int(11) NOT NULL
) ENGINE=InnoDB DEFAULT CHARSET=utf8mb4;

--
-- Dumping data for table `tanggapan`
--

INSERT INTO `tanggapan` (`id_tanggapan`, `id_pengaduan`, `tgl_tanggapan`, `tanggapan`, `id_petugas`) VALUES
(7, 51, '2021-03-15', 'Lorem ipsum dolor sit amet, consectetur adipisicing elit, sed do eiusmod\r\ntempor incididunt ut labore et dolore magna aliqua. Ut enim ad minim veniam,\r\nquis nostrud exercitation ullamco laboris nisi ut aliquip ex ea commodo\r\nconsequat. Duis aute irure dolor in reprehenderit in voluptate velit esse\r\ncillum dolore eu fugiat nulla pariatur. Excepteur sint occaecat cupidatat non\r\nproident, sunt in culpa qui officia deserunt mollit anim id est laborum.', 18),
(8, 49, '2021-03-15', 'tanggapan 1', 17),
(13, 50, '2021-03-15', 'test tanggapan', 17);

--
-- Indexes for dumped tables
--

--
-- Indexes for table `masyarakat`
--
ALTER TABLE `masyarakat`
  ADD PRIMARY KEY (`nik`);

--
-- Indexes for table `pengaduan`
--
ALTER TABLE `pengaduan`
  ADD PRIMARY KEY (`id_pengaduan`),
  ADD KEY `nik` (`nik`);

--
-- Indexes for table `petugas`
--
ALTER TABLE `petugas`
  ADD PRIMARY KEY (`id_petugas`);

--
-- Indexes for table `tanggapan`
--
ALTER TABLE `tanggapan`
  ADD PRIMARY KEY (`id_tanggapan`),
  ADD KEY `id_pengaduan` (`id_pengaduan`),
  ADD KEY `id_petugas` (`id_petugas`);

--
-- AUTO_INCREMENT for dumped tables
--

--
-- AUTO_INCREMENT for table `pengaduan`
--
ALTER TABLE `pengaduan`
  MODIFY `id_pengaduan` int(11) NOT NULL AUTO_INCREMENT, AUTO_INCREMENT=52;

--
-- AUTO_INCREMENT for table `petugas`
--
ALTER TABLE `petugas`
  MODIFY `id_petugas` int(11) NOT NULL AUTO_INCREMENT, AUTO_INCREMENT=19;

--
-- AUTO_INCREMENT for table `tanggapan`
--
ALTER TABLE `tanggapan`
  MODIFY `id_tanggapan` int(11) NOT NULL AUTO_INCREMENT, AUTO_INCREMENT=14;

--
-- Constraints for dumped tables
--

--
-- Constraints for table `pengaduan`
--
ALTER TABLE `pengaduan`
  ADD CONSTRAINT `pengaduan_ibfk_1` FOREIGN KEY (`nik`) REFERENCES `masyarakat` (`nik`) ON DELETE NO ACTION ON UPDATE CASCADE;

--
-- Constraints for table `tanggapan`
--
ALTER TABLE `tanggapan`
  ADD CONSTRAINT `tanggapan_ibfk_1` FOREIGN KEY (`id_pengaduan`) REFERENCES `pengaduan` (`id_pengaduan`) ON DELETE NO ACTION ON UPDATE CASCADE,
  ADD CONSTRAINT `tanggapan_ibfk_2` FOREIGN KEY (`id_petugas`) REFERENCES `petugas` (`id_petugas`);
COMMIT;

/*!40101 SET CHARACTER_SET_CLIENT=@OLD_CHARACTER_SET_CLIENT */;
/*!40101 SET CHARACTER_SET_RESULTS=@OLD_CHARACTER_SET_RESULTS */;
/*!40101 SET COLLATION_CONNECTION=@OLD_COLLATION_CONNECTION */;
